{
    "ActiveInPauseMenu": true,
    "Movements": [
        {
            "StartPos": {
                "x": -2.0,
                "y": 3.0,
                "z": -3.0
            },
            "StartRot": {
                "x": 22.58853878798488,
                "y": 33.690067525979785,
                "z": 0.0
            },
            "EndPos": {
                "x": 2.0,
                "y": 3.0,
                "z": -3.0
            },
            "EndRot": {
                "x": 22.58853878798488,
                "y": -33.690067525979785,
                "z": 0.0
            },
            "Duration": 15.483870967741936,
            "Delay": 0,
            "EaseTransition": "false"
        },
        {
            "StartPos": {
                "x": -2.0,
                "y": 0.5,
                "z": -2.5
            },
            "StartRot": {
                "x": 0.0,
                "y": 38.65980825409009,
                "z": 0.0
            },
            "EndPos": {
                "x": 2.0,
                "y": 0.5,
                "z": -2.5
            },
            "EndRot": {
                "x": 0.0,
                "y": -38.65980825409011,
                "z": 0.0
            },
            "Duration": 15.483870967741936,
            "Delay": 0,
            "EaseTransition": "false"
        },
        {
            "StartPos": {
                "x": -2.0,
                "y": 3.0,
                "z": -3.0
            },
            "StartRot": {
                "x": 22.58853878798488,
                "y": 33.690067525979785,
                "z": 10.0
            },
            "EndPos": {
                "x": 2.0,
                "y": 3.0,
                "z": -3.0
            },
            "EndRot": {
                "x": 22.58853878798488,
                "y": -33.690067525979785,
                "z": 10.0
            },
            "Duration": 15.483870967741936,
            "Delay": 0,
            "EaseTransition": "false"
        },
        {
            "StartPos": {
                "x": -2.0,
                "y": 0.5,
                "z": -2.5
            },
            "StartRot": {
                "x": 0.0,
                "y": 38.65980825409009,
                "z": 10.0
            },
            "EndPos": {
                "x": 2.0,
                "y": 0.5,
                "z": -2.5
            },
            "EndRot": {
                "x": 0.0,
                "y": -38.65980825409011,
                "z": 10.0
            },
            "Duration": 15.483870967741936,
            "Delay": 0,
            "EaseTransition": "false"
        }
    ]
}