{
    "ActiveInPauseMenu": true,
    "Movements": [
        {
            "StartPos": {
                "x": 1.0,
                "y": 1.0,
                "z": -2.0
            },
            "StartRot": {
                "x": -12.604382648379183,
                "y": -26.56505117707799,
                "z": 0.0
            },
            "EndPos": {
                "x": 1.0,
                "y": 1.0,
                "z": -2.0
            },
            "EndRot": {
                "x": -12.604382648379183,
                "y": -26.56505117707799,
                "z": 0.0
            },
            "Duration": 1.7777777777777777,
            "Delay": 0,
            "EaseTransition": "true"
        },
        {
            "StartPos": {
                "x": 0.0,
                "y": 1.0,
                "z": -2.0
            },
            "StartRot": {
                "x": -12.604382648379183,
                "y": 0.0,
                "z": 0.0
            },
            "EndPos": {
                "x": 1.0,
                "y": 1.0,
                "z": -2.0
            },
            "EndRot": {
                "x": -12.604382648379183,
                "y": -26.56505117707799,
                "z": 0.0
            },
            "Duration": 1.7777777777777777,
            "Delay": 0,
            "EaseTransition": "true"
        },
        {
            "StartPos": {
                "x": -1.0,
                "y": 1.0,
                "z": -2.0
            },
            "StartRot": {
                "x": -12.604382648379183,
                "y": 26.56505117707799,
                "z": 0.0
            },
            "EndPos": {
                "x": 1.0,
                "y": 1.0,
                "z": -2.0
            },
            "EndRot": {
                "x": -12.604382648379183,
                "y": -26.56505117707799,
                "z": 0.0
            },
            "Duration": 1.7777777777777777,
            "Delay": 0,
            "EaseTransition": "true"
        },
        {
            "StartPos": {
                "x": 0.0,
                "y": 2.0,
                "z": 2.0
            },
            "StartRot": {
                "x": 14.036243467926479,
                "y": 180.0,
                "z": 0.0
            },
            "EndPos": {
                "x": 0.0,
                "y": 2.0,
                "z": 2.0
            },
            "EndRot": {
                "x": 14.036243467926479,
                "y": 180.0,
                "z": 0.0
            },
            "Duration": 1.7777777777777777,
            "Delay": 0,
            "EaseTransition": "true"
        }
    ]
}